{
  "Create Patient-1" : {
    "transaction" : "Create Patient-1",
    "sampleCount" : 20,
    "errorCount" : 0,
    "errorPct" : 0.0,
    "meanResTime" : 12726.000000000002,
    "medianResTime" : 12472.5,
    "minResTime" : 5759.0,
    "maxResTime" : 26041.0,
    "pct1ResTime" : 17924.700000000004,
    "pct2ResTime" : 25643.949999999993,
    "pct3ResTime" : 26041.0,
    "throughput" : 0.629009938357026,
    "receivedKBytesPerSec" : 370.85925337503147,
    "sentKBytesPerSec" : 0.44165834538935717
  },
  "Create Patient-0" : {
    "transaction" : "Create Patient-0",
    "sampleCount" : 20,
    "errorCount" : 0,
    "errorPct" : 0.0,
    "meanResTime" : 14214.35,
    "medianResTime" : 14540.5,
    "minResTime" : 10649.0,
    "maxResTime" : 19100.0,
    "pct1ResTime" : 16787.2,
    "pct2ResTime" : 18986.399999999998,
    "pct3ResTime" : 19100.0,
    "throughput" : 1.0471204188481678,
    "receivedKBytesPerSec" : 0.38857984293193715,
    "sentKBytesPerSec" : 2.7906168193717273
  },
  "Total" : {
    "transaction" : "Total",
    "sampleCount" : 140,
    "errorCount" : 1,
    "errorPct" : 0.71428573,
    "meanResTime" : 8795.75714285714,
    "medianResTime" : 2982.5,
    "minResTime" : 958.0,
    "maxResTime" : 42461.0,
    "pct1ResTime" : 24221.3,
    "pct2ResTime" : 29580.85,
    "pct3ResTime" : 38893.590000000026,
    "throughput" : 2.9848200579907895,
    "receivedKBytesPerSec" : 541.7812346761469,
    "sentKBytesPerSec" : 7.640731267589118
  },
  "Create Patient" : {
    "transaction" : "Create Patient",
    "sampleCount" : 20,
    "errorCount" : 0,
    "errorPct" : 0.0,
    "meanResTime" : 26940.050000000003,
    "medianResTime" : 28599.5,
    "minResTime" : 16761.0,
    "maxResTime" : 42461.0,
    "pct1ResTime" : 33479.50000000001,
    "pct2ResTime" : 42025.95,
    "pct3ResTime" : 42461.0,
    "throughput" : 0.4675518982607069,
    "receivedKBytesPerSec" : 275.8383835635052,
    "sentKBytesPerSec" : 1.574334907424724
  },
  "Login" : {
    "transaction" : "Login",
    "sampleCount" : 20,
    "errorCount" : 0,
    "errorPct" : 0.0,
    "meanResTime" : 2956.6,
    "medianResTime" : 2970.5,
    "minResTime" : 2752.0,
    "maxResTime" : 3094.0,
    "pct1ResTime" : 3086.4,
    "pct2ResTime" : 3093.7,
    "pct3ResTime" : 3094.0,
    "throughput" : 6.445375443119562,
    "receivedKBytesPerSec" : 288.9259134305511,
    "sentKBytesPerSec" : 8.88127417015791
  },
  "Login-0" : {
    "transaction" : "Login-0",
    "sampleCount" : 20,
    "errorCount" : 0,
    "errorPct" : 0.0,
    "meanResTime" : 1040.6000000000001,
    "medianResTime" : 1015.5,
    "minResTime" : 958.0,
    "maxResTime" : 1184.0,
    "pct1ResTime" : 1140.6,
    "pct2ResTime" : 1181.85,
    "pct3ResTime" : 1184.0,
    "throughput" : 16.542597187758478,
    "receivedKBytesPerSec" : 8.449002274607112,
    "sentKBytesPerSec" : 11.534584367245657
  },
  "Login-1" : {
    "transaction" : "Login-1",
    "sampleCount" : 20,
    "errorCount" : 0,
    "errorPct" : 0.0,
    "meanResTime" : 1915.6,
    "medianResTime" : 1919.5,
    "minResTime" : 1728.0,
    "maxResTime" : 2083.0,
    "pct1ResTime" : 2042.7,
    "pct2ResTime" : 2081.3,
    "pct3ResTime" : 2083.0,
    "throughput" : 9.442870632672332,
    "receivedKBytesPerSec" : 418.47132465769596,
    "sentKBytesPerSec" : 6.427422686496695
  },
  "Create Order" : {
    "transaction" : "Create Order",
    "sampleCount" : 20,
    "errorCount" : 1,
    "errorPct" : 5.0,
    "meanResTime" : 1777.1,
    "medianResTime" : 1415.0,
    "minResTime" : 962.0,
    "maxResTime" : 4887.0,
    "pct1ResTime" : 3891.3000000000025,
    "pct2ResTime" : 4843.199999999999,
    "pct3ResTime" : 4887.0,
    "throughput" : 0.7380890873528435,
    "receivedKBytesPerSec" : 0.7420534330368675,
    "sentKBytesPerSec" : 6.221211642432741
  }
}